Workbook

Sheet Requirements Matrix
A1: Signal Forge CTF Requirements and Evidence Matrix
A2: Generated from the planning document and current implementation. RF capture JSON is treated as generated output from radio/profiles/training_signals.json.
A4: Group | B4: Req ID | C4: Requirement | D4: Description | E4: Status | F4: Evidence | G4: Evidence Location | H4: Planning Source | I4: Next Evidence / Work
A5: Safety and Ethics | B5: SAFE-01 | C5: Mandatory ethics statement | D5: The site must clearly state that the CTF is for defensive awareness and does not condone illegal radio misuse. | E5: Implemented | F5: Homepage Safety and intent panel | G5: index.html#safety | H5: User planning DOCX: explicit safety statement requirement | I5: Keep the statement visible in report exports.
A6: Safety and Ethics | B6: SAFE-02 | C6: Sim-first, receive-only assessment | D6: Assessed activities must avoid live transmission and use local synthetic targets. | E6: Implemented | F6: Hero copy, GNU Radio docs, local TX chain labels | G6: index.html; docs/gnu-radio-workflow.md; challenge.html | H6: Planning DOCX: no SDR required and avoid transmit workflows | I6: Add a per-challenge safety footer before final release.
A7: Challenge Structure | B7: STRUCT-01 | C7: Four-level learning ladder | D7: The project should be organised into Basic, Moderate, Advanced, and Expert concepts. | E7: Implemented | F7: Homepage learning arc with four concept cards | G7: index.html#blueprint | H7: Planning DOCX: Basic, Moderate, Advanced, Expert sections | I7: Add progress indicators per level later.
A8: Challenge Structure | B8: STRUCT-02 | C8: Civilian contexts | D8: Scenarios should prefer civilian infrastructure rather than military framing. | E8: Implemented | F8: Tunnel signs, radio metadata, council audio, farm gate, city notice API | G8: data/challenges.json; server.py | H8: Planning DOCX: avoid military framing and use civilian contexts | I8: Review all future artifact names for the same rule.
A9: Challenge Structure | B9: STRUCT-03 | C9: Small step challenge format | D9: Each module should expose concrete subtasks and hints rather than single large leaps. | E9: Implemented | F9: Each challenge has steps, hints, concepts, objective, and artifacts | G9: data/challenges.json; challenge.js | H9: Planning DOCX: each context has three to four sub-challenges | I9: Split large future contexts into separate subpages.
A10: GNU Radio Data Source | B10: GR-01 | C10: RF profiles as source of truth | D10: Signal data should stem from editable radio profiles, not hand-authored browser JSON. | E10: Implemented | F10: Profile file drives generated captures | G10: radio/profiles/training_signals.json | H10: User correction: data should stem from a GNU Radio script | I10: Add GRC-generated top_block files per profile.
A11: GNU Radio Data Source | B11: GR-02 | C11: Generator script | D11: A repeatable script should export browser capture JSON and optional SigMF IQ artifacts. | E11: Implemented | F11: Generator emits captures/*.json, *.sigmf-meta, and *.sigmf-data | G11: radio/generate_gnuradio_artifacts.py | H11: Planning DOCX: GNU Radio projects export signalling data | I11: Move deterministic fallback behind real GNU Radio blocks when WSL is ready.
A12: GNU Radio Data Source | B12: GR-03 | C12: Generated provenance | D12: Capture artifacts should record the generator and source profile used to build them. | E12: Implemented | F12: generated_by and source_profile fields in generated captures | G12: captures/02-fsk-hop-scheme.json; captures/15-air-weather-voice.json | H12: Traceability requirement for evidence | I12: Add checksum manifest for generated artifacts.
A13: GNU Radio Data Source | B13: GR-04 | C13: Waveform downloads | D13: Waveform time-series data should be downloadable for external analysis. | E13: Partially Implemented | F13: Small SigMF preview files are generated for the current profiles | G13: captures/*.sigmf-data; captures/*.sigmf-meta | H13: Planning DOCX: waveform time-series downloadable | I13: Expose generated SigMF links on every relevant challenge card.
A14: Instrument Workbench | B14: UI-01 | C14: Waterfall and spectrum views | D14: The UI should look closer to spectrum/signal analysis tools than a decorative demo. | E14: Implemented | F14: Waterfall, spectrum trace, RBW/readouts, cursors, tuning and gain controls | G14: challenge.html; challenge.js; styles.css | H14: Planning DOCX: spectrum analyser, oscilloscope, logic analyser quality | I14: Consider ECharts/WebGL for higher-rate plotting.
A15: Instrument Workbench | B15: UI-02 | C15: Artifact preview, not raw JSON only | D15: Clicking artifacts should show a visual/data inspector before raw content. | E15: Implemented | F15: Artifact inspector renders signal preview, structured grid, text, or binary map | G15: challenge.js | H15: User request: artifact click should display waterfall/data UI | I15: Add download buttons and profile provenance badges.
... A34: Verification | B34: TEST-03 | C34: Browser smoke test | D34: The site should render after structural changes. | E34: Verified | F34: Home page and council audio challenge loaded with no console errors; artifact preview opened as a canvas with generated provenance | G34: localhost:8002 | H34: Implementation QA | I34: Add automated browser smoke tests later.

Sheet Coverage Summary
A1: Coverage Summary
A3: Group | B3: Total | C3: Implemented | D3: Partial/Planned | E3: Verified/Pending
A4: Safety and Ethics | B4: =COUNTIF('Requirements Matrix'!$A$5:$A$34,A4) -> 2 | C4: =COUNTIFS('Requirements Matrix'!$A$5:$A$34,A4,'Requirements Matrix'!$E$5:$E$34,"Implemented")+COUNTIFS('Requirements Matrix'!$A$5:$A$34,A4,'Requirements Matrix'!$E$5:$E$34,"Verified") -> 2 | D4: =COUNTIFS('Requirements Matrix'!$A$5:$A$34,A4,'Requirements Matrix'!$E$5:$E$34,"Partially Implemented")+COUNTIFS('Requirements Matrix'!$A$5:$A$34,A4,'Requirements Matrix'!$E$5:$E$34,"Planned") -> 0 | E4: =COUNTIFS('Requirements Matrix'!$A$5:$A$34,A4,'Requirements Matrix'!$E$5:$E$34,"Pending Final Check") -> 0
A5: Challenge Structure | B5: =COUNTIF('Requirements Matrix'!$A$5:$A$34,A5) -> 3 | C5: =COUNTIFS('Requirements Matrix'!$A$5:$A$34,A5,'Requirements Matrix'!$E$5:$E$34,"Implemented")+COUNTIFS('Requirements Matrix'!$A$5:$A$34,A5,'Requirements Matrix'!$E$5:$E$34,"Verified") -> 3 | D5: =COUNTIFS('Requirements Matrix'!$A$5:$A$34,A5,'Requirements Matrix'!$E$5:$E$34,"Partially Implemented")+COUNTIFS('Requirements Matrix'!$A$5:$A$34,A5,'Requirements Matrix'!$E$5:$E$34,"Planned") -> 0 | E5: =COUNTIFS('Requirements Matrix'!$A$5:$A$34,A5,'Requirements Matrix'!$E$5:$E$34,"Pending Final Check") -> 0
A6: GNU Radio Data Source | B6: =COUNTIF('Requirements Matrix'!$A$5:$A$34,A6) -> 4 | C6: =COUNTIFS('Requirements Matrix'!$A$5:$A$34,A6,'Requirements Matrix'!$E$5:$E$34,"Implemented")+COUNTIFS('Requirements Matrix'!$A$5:$A$34,A6,'Requirements Matrix'!$E$5:$E$34,"Verified") -> 3 | D6: =COUNTIFS('Requirements Matrix'!$A$5:$A$34,A6,'Requirements Matrix'!$E$5:$E$34,"Partially Implemented")+COUNTIFS('Requirements Matrix'!$A$5:$A$34,A6,'Requirements Matrix'!$E$5:$E$34,"Planned") -> 1 | E6: =COUNTIFS('Requirements Matrix'!$A$5:$A$34,A6,'Requirements Matrix'!$E$5:$E$34,"Pending Final Check") -> 0
A7: Instrument Workbench | B7: =COUNTIF('Requirements Matrix'!$A$5:$A$34,A7) -> 3 | C7: =COUNTIFS('Requirements Matrix'!$A$5:$A$34,A7,'Requirements Matrix'!$E$5:$E$34,"Implemented")+COUNTIFS('Requirements Matrix'!$A$5:$A$34,A7,'Requirements Matrix'!$E$5:$E$34,"Verified") -> 3 | D7: =COUNTIFS('Requirements Matrix'!$A$5:$A$34,A7,'Requirements Matrix'!$E$5:$E$34,"Partially Implemented")+COUNTIFS('Requirements Matrix'!$A$5:$A$34,A7,'Requirements Matrix'!$E$5:$E$34,"Planned") -> 0 | E7: =COUNTIFS('Requirements Matrix'!$A$5:$A$34,A7,'Requirements Matrix'!$E$5:$E$34,"Pending Final Check") -> 0
A8: Information Modes | B8: =COUNTIF('Requirements Matrix'!$A$5:$A$34,A8) -> 4 | C8: =COUNTIFS('Requirements Matrix'!$A$5:$A$34,A8,'Requirements Matrix'!$E$5:$E$34,"Implemented")+COUNTIFS('Requirements Matrix'!$A$5:$A$34,A8,'Requirements Matrix'!$E$5:$E$34,"Verified") -> 2 | D8: =COUNTIFS('Requirements Matrix'!$A$5:$A$34,A8,'Requirements Matrix'!$E$5:$E$34,"Partially Implemented")+COUNTIFS('Requirements Matrix'!$A$5:$A$34,A8,'Requirements Matrix'!$E$5:$E$34,"Planned") -> 2 | E8: =COUNTIFS('Requirements Matrix'!$A$5:$A$34,A8,'Requirements Matrix'!$E$5:$E$34,"Pending Final Check") -> 0
A9: Cyber Track | B9: =COUNTIF('Requirements Matrix'!$A$5:$A$34,A9) -> 5 | C9: =COUNTIFS('Requirements Matrix'!$A$5:$A$34,A9,'Requirements Matrix'!$E$5:$E$34,"Implemented")+COUNTIFS('Requirements Matrix'!$A$5:$A$34,A9,'Requirements Matrix'!$E$5:$E$34,"Verified") -> 3 | D9: =COUNTIFS('Requirements Matrix'!$A$5:$A$34,A9,'Requirements Matrix'!$E$5:$E$34,"Partially Implemented")+COUNTIFS('Requirements Matrix'!$A$5:$A$34,A9,'Requirements Matrix'!$E$5:$E$34,"Planned") -> 2 | E9: =COUNTIFS('Requirements Matrix'!$A$5:$A$34,A9,'Requirements Matrix'!$E$5:$E$34,"Pending Final Check") -> 0
A10: Advanced/SOTA | B10: =COUNTIF('Requirements Matrix'!$A$5:$A$34,A10) -> 4 | C10: =COUNTIFS('Requirements Matrix'!$A$5:$A$34,A10,'Requirements Matrix'!$E$5:$E$34,"Implemented")+COUNTIFS('Requirements Matrix'!$A$5:$A$34,A10,'Requirements Matrix'!$E$5:$E$34,"Verified") -> 0 | D10: =COUNTIFS('Requirements Matrix'!$A$5:$A$34,A10,'Requirements Matrix'!$E$5:$E$34,"Partially Implemented")+COUNTIFS('Requirements Matrix'!$A$5:$A$34,A10,'Requirements Matrix'!$E$5:$E$34,"Planned") -> 4 | E10: =COUNTIFS('Requirements Matrix'!$A$5:$A$34,A10,'Requirements Matrix'!$E$5:$E$34,"Pending Final Check") -> 0
A11: Session and Randomisation | B11: =COUNTIF('Requirements Matrix'!$A$5:$A$34,A11) -> 2 | C11: =COUNTIFS('Requirements Matrix'!$A$5:$A$34,A11,'Requirements Matrix'!$E$5:$E$34,"Implemented")+COUNTIFS('Requirements Matrix'!$A$5:$A$34,A11,'Requirements Matrix'!$E$5:$E$34,"Verified") -> 2 | D11: =COUNTIFS('Requirements Matrix'!$A$5:$A$34,A11,'Requirements Matrix'!$E$5:$E$34,"Partially Implemented")+COUNTIFS('Requirements Matrix'!$A$5:$A$34,A11,'Requirements Matrix'!$E$5:$E$34,"Planned") -> 0 | E11: =COUNTIFS('Requirements Matrix'!$A$5:$A$34,A11,'Requirements Matrix'!$E$5:$E$34,"Pending Final Check") -> 0
A12: Verification | B12: =COUNTIF('Requirements Matrix'!$A$5:$A$34,A12) -> 3 | C12: =COUNTIFS('Requirements Matrix'!$A$5:$A$34,A12,'Requirements Matrix'!$E$5:$E$34,"Implemented")+COUNTIFS('Requirements Matrix'!$A$5:$A$34,A12,'Requirements Matrix'!$E$5:$E$34,"Verified") -> 3 | D12: =COUNTIFS('Requirements Matrix'!$A$5:$A$34,A12,'Requirements Matrix'!$E$5:$E$34,"Partially Implemented")+COUNTIFS('Requirements Matrix'!$A$5:$A$34,A12,'Requirements Matrix'!$E$5:$E$34,"Planned") -> 0 | E12: =COUNTIFS('Requirements Matrix'!$A$5:$A$34,A12,'Requirements Matrix'!$E$5:$E$34,"Pending Final Check") -> 0

Sheet Evidence Index
A1: Evidence Index
A3: Evidence Type | B3: Location | C3: Notes
A4: Planning source | B4: COMP6841 Project Planning Further.docx | C4: Extracted safety, GNU Radio, information-mode, challenge-ladder, and SOTA requirements.
A5: Web shell | B5: index.html | C5: Safety panel, learning arc, information modes, GNU Radio workflow summary.
A6: Challenge metadata | B6: data/challenges.json | C6: Civilian contexts, context labels, steps, hints, artifacts, and generated-profile wording.
A7: RF generator | B7: radio/generate_gnuradio_artifacts.py | C7: Profile-driven artifact exporter with optional SigMF IQ output.
A8: RF profiles | B8: radio/profiles/training_signals.json | C8: Editable source of truth for centre frequency, span, modulation, sources, and metadata.
A9: Generated captures | B9: captures/*.json | C9: Browser waterfall preview artifacts with generated_by and source_profile provenance.
A10: SigMF artifacts | B10: captures/*.sigmf-meta; captures/*.sigmf-data | C10: Downloadable IQ preview files emitted by the generator.
A11: Backend | B11: server.py | C11: Session flags, local endpoints, RF command handling, safe/attack mode, council audio protocol.
A12: Challenge UI | B12: challenge.html; challenge.js | C12: RF workbench, audio intercept UI, terminal, artifact inspector, measurement controls.
A13: Tools | B13: tools/telemetry_decoder; tools/tlv_parser | C13: Local RE/parser challenge assets and safe/vulnerable code paths.
